Height,Weight,Age
1.816359375,76.2084063,41
1.678594558,66.38138295,35
1.358094966,50.62872198,30
1.890832926,78.62041861,30
