Height,Weight,Age,Gender
1.701405128,65.56667967,30,W
1.720534988,76.55007232,24,M
1.82200208,75.86436618,30,M
1.798131168,77.15315473,32,M
1.682933208,72.68980647,34,M
1.696417484,77.60294632,33,M
1.608517593,71.5512203,32,M
1.781264348,75.88996367,29,M
1.563862003,65.45241222,23,W
1.859291877,65.00842059,32,W
1.589276535,59.92227629,32,W
1.836275839,75.01700292,31,W
1.618344662,65.82794895,30,W
1.503678782,55.42614147,27,W
